Producers,Consumers,Average_Waiting_Time_ms
1,1,0.002322
1,2,0.001615
1,4,0.001395
1,8,0.001308
2,1,0.002467
2,2,0.002066
2,4,0.001570
2,8,0.001482
4,1,0.002034
4,2,0.001850
4,4,0.001642
4,8,0.001413
8,1,0.003192
8,2,0.002254
8,4,0.001793
8,8,0.001384
